neighborhood,valor_atual,method,n_obs,prev_12_meses,forecast_list_12,prev_24_meses,forecast_list_24,prev_36_meses,forecast_list_36
Antenor Viana,371,arima,240,365,"[369.85605737121574, 368.8870630807828, 368.06626148526095, 367.37098880319985, 366.7820473281128, 366.28317534590076, 365.8605981202105, 365.5026475476403, 365.1994399808008, 364.94260332335773, 364.7250458616687, 364.5407604500465]",364,"[369.85605737121574, 368.8870630807828, 368.06626148526095, 367.37098880319985, 366.7820473281128, 366.28317534590076, 365.8605981202105, 365.5026475476403, 365.1994399808008, 364.94260332335773, 364.7250458616687, 364.5407604500465, 364.384658642859, 364.2524301935602, 364.1404240411717, 364.0455474980419, 363.965180855279, 363.89710504796227, 363.83944038284125, 363.7905946366858, 363.74921909219114, 363.71417129751154, 363.6844835211474, 363.65933603116963]",364,"[369.85605737121574, 368.8870630807828, 368.06626148526095, 367.37098880319985, 366.7820473281128, 366.28317534590076, 365.8605981202105, 365.5026475476403, 365.1994399808008, 364.94260332335773, 364.7250458616687, 364.5407604500465, 364.384658642859, 364.2524301935602, 364.1404240411717, 364.0455474980419, 363.965180855279, 363.89710504796227, 363.83944038284125, 363.7905946366858, 363.74921909219114, 363.71417129751154, 363.6844835211474, 363.65933603116963, 363.63803446097364, 363.6199906365914, 363.60470633616933, 363.5917595331832, 363.58079274354077, 363.5715031548145, 363.5636342650557, 363.5569688003231, 363.5513227153653, 363.54654011180656, 363.54248893351735, 363.53905732031143]"
Bacuri,135,arima,240,132,"[134.65512818650117, 134.32891982054824, 134.02036489128886, 133.72850804668545, 133.45244563554095, 133.19132290960155, 132.9443313770733, 132.71070629935866, 132.48972432326227, 132.28070124133475, 132.08298987342022, 131.89597806284803]",130,"[134.65512818650117, 134.32891982054824, 134.02036489128886, 133.72850804668545, 133.45244563554095, 133.19132290960155, 132.9443313770733, 132.71070629935866, 132.48972432326227, 132.28070124133475, 132.08298987342022, 131.89597806284803, 131.719086781065, 131.55176833483898, 131.3935046704837, 131.24380576985368, 131.10220813314325, 130.96827334379213, 130.84158671105394, 130.72175598602502, 130.6084101471579, 130.50119825149937, 130.39978834809594, 130.30386645020272]",129,"[134.65512818650117, 134.32891982054824, 134.02036489128886, 133.72850804668545, 133.45244563554095, 133.19132290960155, 132.9443313770733, 132.71070629935866, 132.48972432326227, 132.28070124133475, 132.08298987342022, 131.89597806284803, 131.719086781065, 131.55176833483898, 131.3935046704837, 131.24380576985368, 131.10220813314325, 130.96827334379213, 130.84158671105394, 130.72175598602502, 130.6084101471579, 130.50119825149937, 130.39978834809594, 130.30386645020272, 130.2131355631134, 130.12731476460107, 130.04613833512292, 129.9693549350958, 129.89672682669504, 129.82802913776737, 129.76304916557862, 129.70158571824058, 129.6434484917779, 129.58845748090627, 129.53644242169764, 129.4872422644066]"
Baixinha,25,arima,240,25,"[25.000000006737, 25.000000004484765, 25.000000005237705, 25.000000004985992, 25.00000000507014, 25.00000000504201, 25.000000005051415, 25.00000000504827, 25.000000005049323, 25.00000000504897, 25.00000000504909, 25.00000000504905]",25,"[25.000000006737, 25.000000004484765, 25.000000005237705, 25.000000004985992, 25.00000000507014, 25.00000000504201, 25.000000005051415, 25.00000000504827, 25.000000005049323, 25.00000000504897, 25.00000000504909, 25.00000000504905, 25.000000005049063, 25.00000000504906, 25.00000000504906, 25.00000000504906, 25.00000000504906, 25.00000000504906, 25.00000000504906, 25.00000000504906, 25.00000000504906, 25.00000000504906, 25.00000000504906, 25.00000000504906]",25,"[25.000000006737, 25.000000004484765, 25.000000005237705, 25.000000004985992, 25.00000000507014, 25.00000000504201, 25.000000005051415, 25.00000000504827, 25.000000005049323, 25.00000000504897, 25.00000000504909, 25.00000000504905, 25.000000005049063, 25.00000000504906, 25.00000000504906, 25.00000000504906, 25.00000000504906, 25.00000000504906, 25.00000000504906, 25.00000000504906, 25.00000000504906, 25.00000000504906, 25.00000000504906, 25.00000000504906, 25.00000000504906, 25.00000000504906, 25.00000000504906, 25.00000000504906, 25.00000000504906, 25.00000000504906, 25.00000000504906, 25.00000000504906, 25.00000000504906, 25.00000000504906, 25.00000000504906, 25.00000000504906]"
Bela Vista,167,arima,240,163,"[166.4816866585056, 166.0166914149892, 165.59952951853973, 165.2252804261548, 164.8895297635391, 164.5883172563062, 164.31809001741803, 164.0756606398734, 163.8581696003376, 163.6630515302528, 163.48800495658767, 163.33096515530946]",162,"[166.4816866585056, 166.0166914149892, 165.59952951853973, 165.2252804261548, 164.8895297635391, 164.5883172563062, 164.31809001741803, 164.0756606398734, 163.8581696003376, 163.6630515302528, 163.48800495658767, 163.33096515530946, 163.19007979737793, 163.06368709999842, 162.950296225422, 162.84856969609095, 162.7573076187113, 162.67543353117074, 162.60198170536236, 162.53608575614751, 162.47696842209712, 162.4239323974724, 162.37635210730585, 162.3336663285667]",162,"[166.4816866585056, 166.0166914149892, 165.59952951853973, 165.2252804261548, 164.8895297635391, 164.5883172563062, 164.31809001741803, 164.0756606398734, 163.8581696003376, 163.6630515302528, 163.48800495658767, 163.33096515530946, 163.19007979737793, 163.06368709999842, 162.950296225422, 162.84856969609095, 162.7573076187113, 162.67543353117074, 162.60198170536236, 162.53608575614751, 162.47696842209712, 162.4239323974724, 162.37635210730585, 162.3336663285667, 162.2953715703761, 162.26101613518912, 162.23019479089416, 162.20254399098494, 162.1777375864264, 162.1554829786341, 162.135517668191, 162.1176061585922, 162.1015371784968, 162.08712118972258, 162.07418815158917, 162.06258551524007]"
Caldeirões,93,arima,240,93,"[93.17855698269172, 93.06536623282916, 93.13712005427767, 93.09163390899886, 93.12046846262342, 93.10218967734426, 93.11377695542846, 93.10643155411486, 93.11108794710601, 93.10813616887602, 93.1100073586007, 93.10882117498089]",93,"[93.17855698269172, 93.06536623282916, 93.13712005427767, 93.09163390899886, 93.12046846262342, 93.10218967734426, 93.11377695542846, 93.10643155411486, 93.11108794710601, 93.10813616887602, 93.1100073586007, 93.10882117498089, 93.10957311988597, 93.10909644736172, 93.10939861936107, 93.10920706664396, 93.10932849564304, 93.10925151943492, 93.10930031615285, 93.10926938296274, 93.10928899211457, 93.1092765614912, 93.10928444150552, 93.10927944621093]",93,"[93.17855698269172, 93.06536623282916, 93.13712005427767, 93.09163390899886, 93.12046846262342, 93.10218967734426, 93.11377695542846, 93.10643155411486, 93.11108794710601, 93.10813616887602, 93.1100073586007, 93.10882117498089, 93.10957311988597, 93.10909644736172, 93.10939861936107, 93.10920706664396, 93.10932849564304, 93.10925151943492, 93.10930031615285, 93.10926938296274, 93.10928899211457, 93.1092765614912, 93.10928444150552, 93.10927944621093, 93.1092826128255, 93.10928060544684, 93.10928187796328, 93.10928107129033, 93.10928158265602, 93.10928125849134, 93.10928146398564, 93.1092813337188, 93.10928141629749, 93.10928136394925, 93.10928139713381, 93.10928137609747]"
Campo de Belém,459,arima,240,451,"[457.60936775115715, 456.4217534755112, 455.4075186417572, 454.5413516386361, 453.8016360892117, 453.169911384751, 452.63041197509756, 452.1696739179008, 451.7761988676022, 451.44016711856574, 451.1531925409533, 450.90811329343575]",450,"[457.60936775115715, 456.4217534755112, 455.4075186417572, 454.5413516386361, 453.8016360892117, 453.169911384751, 452.63041197509756, 452.1696739179008, 451.7761988676022, 451.44016711856574, 451.1531925409533, 450.90811329343575, 450.69881308969127, 450.5200685581522, 450.36741888565535, 450.23705449177567, 450.12572195555964, 450.03064282197556, 449.94944426178506, 449.8800998543586, 449.82087901558947, 449.7703038088111, 449.727112060875, 449.6902258629016]",450,"[457.60936775115715, 456.4217534755112, 455.4075186417572, 454.5413516386361, 453.8016360892117, 453.169911384751, 452.63041197509756, 452.1696739179008, 451.7761988676022, 451.44016711856574, 451.1531925409533, 450.90811329343575, 450.69881308969127, 450.5200685581522, 450.36741888565535, 450.23705449177567, 450.12572195555964, 450.03064282197556, 449.94944426178506, 449.8800998543586, 449.82087901558947, 449.7703038088111, 449.727112060875, 449.6902258629016, 449.65872466959627, 449.63182232578794, 449.60884744685666, 449.58922666341607, 449.57247031209977, 449.5581602153452, 449.54593924520316, 449.5355024107238, 449.52658924649177, 449.51897731235755, 449.51247664214037, 449.5069250027637]"
Cangalheiro,295,arima,240,289,"[293.9348978222202, 293.0297637896389, 292.26057221907547, 291.6069058548372, 291.0514139174729, 290.5793515484136, 290.17818842561616, 289.8372761613886, 289.54756565387663, 289.30136688964905, 289.0921448216345, 288.914345904237]",288,"[293.9348978222202, 293.0297637896389, 292.26057221907547, 291.6069058548372, 291.0514139174729, 290.5793515484136, 290.17818842561616, 289.8372761613886, 289.54756565387663, 289.30136688964905, 289.0921448216345, 288.914345904237, 288.76325068121525, 288.6348485134509, 288.52573112140595, 288.43300211648335, 288.3542001199108, 288.2872334284316, 288.23032449258324, 288.18196273380653, 288.14086444797306, 288.1059387310187, 288.07625852222066, 288.05103599649715]",288,"[293.9348978222202, 293.0297637896389, 292.26057221907547, 291.6069058548372, 291.0514139174729, 290.5793515484136, 290.17818842561616, 289.8372761613886, 289.54756565387663, 289.30136688964905, 289.0921448216345, 288.914345904237, 288.76325068121525, 288.6348485134509, 288.52573112140595, 288.43300211648335, 288.3542001199108, 288.2872334284316, 288.23032449258324, 288.18196273380653, 288.14086444797306, 288.1059387310187, 288.07625852222066, 288.05103599649715, 288.02960165254757, 288.0113865417539, 287.995907166131, 287.9827526444601, 287.97157380594575, 287.9620739219016, 287.9540008294478, 287.9471402381538, 287.9413100419591, 287.93635548538936, 287.93214505576, 287.928566992332]"
Castelo Branco,151,arima,240,147,"[150.55132419624633, 150.13387561175895, 149.74548087499664, 149.38411787809034, 149.0479052490994, 148.73509255698437, 148.44405119830037, 148.17326591816385, 147.9213269213485, 147.6869225324382, 147.46883236682282, 147.2659209769839]",146,"[150.55132419624633, 150.13387561175895, 149.74548087499664, 149.38411787809034, 149.0479052490994, 148.73509255698437, 148.44405119830037, 148.17326591816385, 147.9213269213485, 147.6869225324382, 147.46883236682282, 147.2659209769839, 147.07713194098957, 146.90148236242254, 146.73805775310512, 146.58600727197998, 146.4445392953579, 146.31291729547044, 146.19045600586946, 146.07651785370984, 145.97050964034014, 145.87187945291976, 145.78011379098322, 145.69473489299168]",145,"[150.55132419624633, 150.13387561175895, 149.74548087499664, 149.38411787809034, 149.0479052490994, 148.73509255698437, 148.44405119830037, 148.17326591816385, 147.9213269213485, 147.6869225324382, 147.46883236682282, 147.2659209769839, 147.07713194098957, 146.90148236242254, 146.73805775310512, 146.58600727197998, 146.4445392953579, 146.31291729547044, 146.19045600586946, 146.07651785370984, 145.97050964034014, 145.87187945291976, 145.78011379098322, 145.69473489299168, 145.61529824895274, 145.54139028615856, 145.47262621599327, 145.40864803059986, 145.3491226389761, 145.29374013279565, 145.2422121729258, 145.19427048824116, 145.1496654789179, 145.10816491693697, 145.06955273703014, 145.03362791177494]"
Centro,619,arima,240,608,"[617.0175511172957, 615.3510940554256, 613.9502613967452, 612.7727140224231, 611.7828614442578, 610.9507861088052, 610.2513391617135, 609.6633803424202, 609.1691390355958, 608.7536771675944, 608.4044377143562, 608.1108651747512]",607,"[617.0175511172957, 615.3510940554256, 613.9502613967452, 612.7727140224231, 611.7828614442578, 610.9507861088052, 610.2513391617135, 609.6633803424202, 609.1691390355958, 608.7536771675944, 608.4044377143562, 608.1108651747512, 607.8640865384574, 607.6566431058634, 607.4822650544539, 607.3356819381165, 607.2124633918515, 607.1088852273056, 607.0218168719654, 606.9486267499461, 606.8871027445797, 606.8353853388438, 606.7919114128516, 606.7553669997225]",607,"[617.0175511172957, 615.3510940554256, 613.9502613967452, 612.7727140224231, 611.7828614442578, 610.9507861088052, 610.2513391617135, 609.6633803424202, 609.1691390355958, 608.7536771675944, 608.4044377143562, 608.1108651747512, 607.8640865384574, 607.6566431058634, 607.4822650544539, 607.3356819381165, 607.2124633918515, 607.1088852273056, 607.0218168719654, 606.9486267499461, 606.8871027445797, 606.8353853388438, 606.7919114128516, 606.7553669997225, 606.7246475719166, 606.6988246577168, 606.6771177788652, 606.6588708611923, 606.6435324052661, 606.6306388177343, 606.6198003995623, 606.6106895676717, 606.6030309539863, 606.5965930826386, 606.5911813737848, 606.5866322625745]"
Dinir Silva,180,arima,240,177,"[179.5303407857433, 179.1244171331168, 178.77357974558163, 178.47035308781955, 178.20827609932203, 177.98176452409695, 177.78599192305668, 177.61678683373628, 177.47054388605213, 177.34414698018333, 177.23490288967366, 177.14048387498931]",177,"[179.5303407857433, 179.1244171331168, 178.77357974558163, 178.47035308781955, 178.20827609932203, 177.98176452409695, 177.78599192305668, 177.61678683373628, 177.47054388605213, 177.34414698018333, 177.23490288967366, 177.14048387498931, 177.05887808475964, 176.98834668786597, 176.92738682296215, 176.8746995759664, 176.82916230319893, 176.78980471043528, 176.75578817817475, 176.7263878925938, 176.7009774014355, 176.67901526575733, 176.6600335231164, 176.64362771636942]",177,"[179.5303407857433, 179.1244171331168, 178.77357974558163, 178.47035308781955, 178.20827609932203, 177.98176452409695, 177.78599192305668, 177.61678683373628, 177.47054388605213, 177.34414698018333, 177.23490288967366, 177.14048387498931, 177.05887808475964, 176.98834668786597, 176.92738682296215, 176.8746995759664, 176.82916230319893, 176.78980471043528, 176.75578817817475, 176.7263878925938, 176.7009774014355, 176.67901526575733, 176.6600335231164, 176.64362771636942, 176.62944827562418, 176.61719306971148, 176.6066009684671, 176.5974462786503, 176.58953393494173, 176.58269534355136, 176.57678478987387, 176.5716763336465, 176.56726112545266, 176.56344508739198, 176.5601469084973, 176.55729631218554]"
Fazendinha,247,arima,240,243,"[246.30579705438655, 245.69864494912497, 245.16762778584027, 244.70319848507805, 244.2970071407677, 243.94175089848957, 243.63104265852974, 243.359296243154, 243.12162596354023, 242.91375878069778, 242.73195748112815, 242.57295348601338]",242,"[246.30579705438655, 245.69864494912497, 245.16762778584027, 244.70319848507805, 244.2970071407677, 243.94175089848957, 243.63104265852974, 243.359296243154, 243.12162596354023, 242.91375878069778, 242.73195748112815, 242.57295348601338, 242.43388808591828, 242.31226104447413, 242.20588564699682, 242.11284938586527, 242.03147957582829, 241.9603132810425, 241.89807101316407, 241.84363372761607, 241.7960227044505, 241.75438195208653, 241.7179628175637, 241.6861105266204]",242,"[246.30579705438655, 245.69864494912497, 245.16762778584027, 244.70319848507805, 244.2970071407677, 243.94175089848957, 243.63104265852974, 243.359296243154, 243.12162596354023, 242.91375878069778, 242.73195748112815, 242.57295348601338, 242.43388808591828, 242.31226104447413, 242.20588564699682, 242.11284938586527, 242.03147957582829, 241.9603132810425, 241.89807101316407, 241.84363372761607, 241.7960227044505, 241.75438195208653, 241.7179628175637, 241.6861105266204, 241.65825241160402, 241.6338876155632, 241.6125780874145, 241.59394070628645, 241.5776403934457, 241.56338408796586, 241.55091547782808, 241.54001039172516, 241.5304727687184, 241.52213113328693, 241.5148355123946, 241.5084547391467]"
Fumo Verde,86,arima,240,84,"[85.80718225778939, 85.62060211112174, 85.44005777567102, 85.26535399477304, 85.09630182825748, 84.93271844811136, 84.77442694075248, 84.62125611569944, 84.47304032043104, 84.32961926123498, 84.19083782985196, 84.05654593572788]",83,"[85.80718225778939, 85.62060211112174, 85.44005777567102, 85.26535399477304, 85.09630182825748, 84.93271844811136, 84.77442694075248, 84.62125611569944, 84.47304032043104, 84.32961926123498, 84.19083782985196, 84.05654593572788, 83.9265983436926, 83.80085451688974, 83.67917846478763, 83.5614385961071, 83.44750757650701, 83.33726219087356, 83.23058321006455, 83.12735526196442, 83.0274667067106, 82.93080951595623, 82.83727915603875, 82.74677447492792]",82,"[85.80718225778939, 85.62060211112174, 85.44005777567102, 85.26535399477304, 85.09630182825748, 84.93271844811136, 84.77442694075248, 84.62125611569944, 84.47304032043104, 84.32961926123498, 84.19083782985196, 84.05654593572788, 83.9265983436926, 83.80085451688974, 83.67917846478763, 83.5614385961071, 83.44750757650701, 83.33726219087356, 83.23058321006455, 83.12735526196442, 83.0274667067106, 82.93080951595623, 82.83727915603875, 82.74677447492792, 82.65919759283103, 82.57445379633701, 82.49245143598493, 82.41310182714618, 82.33631915411299, 82.26202037728974, 82.1901251433866, 82.12055569851829, 82.05323680411416, 81.98809565554856, 81.9250618034034, 81.8640670772779]"
Itapecuruzinho,239,arima,240,235,"[238.25936045001322, 237.62508370950871, 237.08189507807225, 236.6167134460182, 236.21833627411712, 235.87716981319923, 235.58499806676153, 235.33478493271903, 235.1205047594624, 234.9369972356603, 234.77984311925195, 234.64525781292565]",234,"[238.25936045001322, 237.62508370950871, 237.08189507807225, 236.6167134460182, 236.21833627411712, 235.87716981319923, 235.58499806676153, 235.33478493271903, 235.1205047594624, 234.9369972356603, 234.77984311925195, 234.64525781292565, 234.5300002231602, 234.43129470796572, 234.3467642336635, 234.27437313098113, 234.21237807191127, 234.15928608675478, 234.1138186103115, 234.07488069137656, 234.04153462404255, 234.01297736579508, 233.9885211985822, 233.96757716713626]",234,"[238.25936045001322, 237.62508370950871, 237.08189507807225, 236.6167134460182, 236.21833627411712, 235.87716981319923, 235.58499806676153, 235.33478493271903, 235.1205047594624, 234.9369972356603, 234.77984311925195, 234.64525781292565, 234.5300002231602, 234.43129470796572, 234.3467642336635, 234.27437313098113, 234.21237807191127, 234.15928608675478, 234.1138186103115, 234.07488069137656, 234.04153462404255, 234.01297736579508, 233.9885211985822, 233.96757716713626, 233.9496408957087, 233.9342804416551, 233.92112589335966, 233.90986046199595, 233.9002128525942, 233.89195073069547, 233.88487512725564, 233.87881564705773, 233.87362636524156, 233.86918231313015, 233.86537646872458, 233.86211717939216]"
José Castro,225,arima,240,221,"[224.40294527692078, 223.88691659189496, 223.44091793636784, 223.05544556534633, 222.722285482957, 222.43433841115126, 222.18546851183177, 221.97037263883374, 221.78446733366303, 221.623791156994, 221.48492027471727, 221.36489549976858]",221,"[224.40294527692078, 223.88691659189496, 223.44091793636784, 223.05544556534633, 222.722285482957, 222.43433841115126, 222.18546851183177, 221.97037263883374, 221.78446733366303, 221.623791156994, 221.48492027471727, 221.36489549976858, 221.2611592350794, 221.17150097397231, 221.09401019667442, 221.02703565922425, 220.9691502072637, 220.9191203649349, 220.87588005085476, 220.8385078610833, 220.80620743501035, 220.7782904857796, 220.754162133646, 220.73330822973728]",221,"[224.40294527692078, 223.88691659189496, 223.44091793636784, 223.05544556534633, 222.722285482957, 222.43433841115126, 222.18546851183177, 221.97037263883374, 221.78446733366303, 221.623791156994, 221.48492027471727, 221.36489549976858, 221.2611592350794, 221.17150097397231, 221.09401019667442, 221.02703565922425, 220.9691502072637, 220.9191203649349, 220.87588005085476, 220.8385078610833, 220.80620743501035, 220.7782904857796, 220.754162133646, 220.73330822973728, 220.7152844001021, 220.69970657658567, 220.6862428127563, 220.67460621048886, 220.66454880647862, 220.6558562884136, 220.64834342821288, 220.64185013501833, 220.6362380438328, 220.63138756711305, 220.62719534648957, 220.62357205031242]"
João Viana,272,arima,240,267,"[271.22265763831876, 270.55899640263897, 269.9923911879284, 269.5086481996727, 269.0956493909588, 268.7430488982588, 268.4420138714523, 268.1850032057255, 267.96557863245226, 267.7782434367708, 267.61830476163755, 267.4817560489926]",267,"[271.22265763831876, 270.55899640263897, 269.9923911879284, 269.5086481996727, 269.0956493909588, 268.7430488982588, 268.4420138714523, 268.1850032057255, 267.96557863245226, 267.7782434367708, 267.61830476163755, 267.4817560489926, 267.36517667311966, 267.26564625195584, 267.18067148980026, 267.1081237187875, 267.04618557450317, 266.9933054699344, 266.94815872730084, 266.9096143940957, 266.876706912059, 266.8486119293742, 266.8246256501694, 266.8041472040161]",267,"[271.22265763831876, 270.55899640263897, 269.9923911879284, 269.5086481996727, 269.0956493909588, 268.7430488982588, 268.4420138714523, 268.1850032057255, 267.96557863245226, 267.7782434367708, 267.61830476163755, 267.4817560489926, 267.36517667311966, 267.26564625195584, 267.18067148980026, 267.1081237187875, 267.04618557450317, 266.9933054699344, 266.94815872730084, 266.9096143940957, 266.876706912059, 266.8486119293742, 266.8246256501694, 266.8041472040161, 266.78666359377064, 266.77173684469375, 266.7589930329251, 266.7481129184703, 266.73882394805094, 266.7308934274842, 266.72412269255665, 266.7183421323685, 266.71340694048075, 266.7091934874284, 266.70559622372963, 266.702525035809]"
Luiza Queiroz,95,arima,240,92,"[94.70026127535913, 94.41230327302684, 94.13566297168921, 93.86989554829998, 93.61457366282836, 93.3692867711189, 93.13364046475797, 92.90725583688591, 92.68976887293461, 92.48082986531132, 92.28010285108726, 92.08726507178685]",90,"[94.70026127535913, 94.41230327302684, 94.13566297168921, 93.86989554829998, 93.61457366282836, 93.3692867711189, 93.13364046475797, 92.90725583688591, 92.68976887293461, 92.48082986531132, 92.28010285108726, 92.08726507178685, 91.90200645440908, 91.7240291128465, 91.55304686889994, 91.38878479211913, 91.23097875772892, 91.07937502193059, 90.93372981389514, 90.79380894379265, 90.65938742622738, 90.53024911847302, 90.40618637292664, 90.28699970322224]",89,"[94.70026127535913, 94.41230327302684, 94.13566297168921, 93.86989554829998, 93.61457366282836, 93.3692867711189, 93.13364046475797, 92.90725583688591, 92.68976887293461, 92.48082986531132, 92.28010285108726, 92.08726507178685, 91.90200645440908, 91.7240291128465, 91.55304686889994, 91.38878479211913, 91.23097875772892, 91.07937502193059, 90.93372981389514, 90.79380894379265, 90.65938742622738, 90.53024911847302, 90.40618637292664, 90.28699970322224, 90.17249746346712, 90.0624955400855, 89.95681705577341, 89.85529208508946, 89.75775738122354, 89.66405611350461, 89.57403761522525, 89.48755714137745, 89.40447563591032, 89.32465950813524, 89.2479804179191, 89.17431506932006]"
Morro do Alecrim,58,arima,240,58,"[58.08905561609007, 58.07193952220681, 58.07522915943221, 58.074596905768, 58.07471842211419, 58.07469506721215, 58.07469955592059, 58.07469869321076, 58.07469885901976, 58.07469882715201, 58.074698833276855, 58.074698832099685]",58,"[58.08905561609007, 58.07193952220681, 58.07522915943221, 58.074596905768, 58.07471842211419, 58.07469506721215, 58.07469955592059, 58.07469869321076, 58.07469885901976, 58.07469882715201, 58.074698833276855, 58.074698832099685, 58.07469883232593, 58.074698832282444, 58.0746988322908, 58.074698832289194, 58.0746988322895, 58.07469883228944, 58.07469883228946, 58.07469883228946, 58.07469883228946, 58.07469883228946, 58.07469883228946, 58.07469883228946]",58,"[58.08905561609007, 58.07193952220681, 58.07522915943221, 58.074596905768, 58.07471842211419, 58.07469506721215, 58.07469955592059, 58.07469869321076, 58.07469885901976, 58.07469882715201, 58.074698833276855, 58.074698832099685, 58.07469883232593, 58.074698832282444, 58.0746988322908, 58.074698832289194, 58.0746988322895, 58.07469883228944, 58.07469883228946, 58.07469883228946, 58.07469883228946, 58.07469883228946, 58.07469883228946, 58.07469883228946, 58.07469883228946, 58.07469883228946, 58.07469883228946, 58.07469883228946, 58.07469883228946, 58.07469883228946, 58.07469883228946, 58.07469883228946, 58.07469883228946, 58.07469883228946, 58.07469883228946, 58.07469883228946]"
Mutirão,283,arima,240,277,"[281.9310374490355, 281.01298989301773, 280.2245513136215, 279.5474236535067, 278.96589215558896, 278.4664606554592, 278.0375383628318, 277.66917086285457, 277.35280909436665, 277.08111094356076, 276.84777084844063, 276.64737345953984]",276,"[281.9310374490355, 281.01298989301773, 280.2245513136215, 279.5474236535067, 278.96589215558896, 278.4664606554592, 278.0375383628318, 277.66917086285457, 277.35280909436665, 277.08111094356076, 276.84777084844063, 276.64737345953984, 276.4752679606646, 276.3274601329001, 276.20051965690584, 276.09150050217386, 275.9978725556471, 275.9174629029364, 275.8484053993927, 275.78909736068186, 275.73816236773797, 275.6944183228734, 275.6568500156937, 275.62458556212704]",275,"[281.9310374490355, 281.01298989301773, 280.2245513136215, 279.5474236535067, 278.96589215558896, 278.4664606554592, 278.0375383628318, 277.66917086285457, 277.35280909436665, 277.08111094356076, 276.84777084844063, 276.64737345953984, 276.4752679606646, 276.3274601329001, 276.20051965690584, 276.09150050217386, 275.9978725556471, 275.9174629029364, 275.8484053993927, 275.78909736068186, 275.73816236773797, 275.6944183228734, 275.6568500156937, 275.62458556212704, 275.5968761697668, 275.57307875992103, 275.552641043063, 275.5350887013133, 275.520014380486, 275.50706823622517, 275.49594981482886, 275.48640108032885, 275.4782004260001, 275.47115753131925, 275.4651089450117, 275.4599142916798]"
Nova Caxias,440,arima,240,431,"[438.38677931087364, 437.01209371685223, 435.8406727853284, 434.842461263523, 433.99184794814624, 433.2670085764392, 432.6493458790901, 432.12301242841386, 431.67450403946674, 431.2923132919521, 430.96663428329697, 430.689111037723]",429,"[438.38677931087364, 437.01209371685223, 435.8406727853284, 434.842461263523, 433.99184794814624, 433.2670085764392, 432.6493458790901, 432.12301242841386, 431.67450403946674, 431.2923132919521, 430.96663428329697, 430.689111037723, 430.45262311622037, 430.2511029267999, 430.0793800477369, 429.93304856959327, 429.80835405240055, 429.7020971976542, 429.6115517636226, 429.534394617916, 429.4686461326694, 429.41261939305065, 429.36487691593453, 429.324193768268]",429,"[438.38677931087364, 437.01209371685223, 435.8406727853284, 434.842461263523, 433.99184794814624, 433.2670085764392, 432.6493458790901, 432.12301242841386, 431.67450403946674, 431.2923132919521, 430.96663428329697, 430.689111037723, 430.45262311622037, 430.2511029267999, 430.0793800477369, 429.93304856959327, 429.80835405240055, 429.7020971976542, 429.6115517636226, 429.534394617916, 429.4686461326694, 429.41261939305065, 429.36487691593453, 429.324193768268, 429.2895261388521, 429.25998455718377, 429.23481107223046, 429.2133598056122, 429.1950803802413, 429.1795037992479, 429.16623041288483, 429.1549196646777, 429.14528135373695, 429.137068189047, 429.1300694446987, 429.12410555327534]"
Pai Geraldo,41,arima,240,41,"[40.987582638544524, 40.990594255814266, 40.989863839887185, 40.990040989696986, 40.98999802506006, 40.99000844539316, 40.99000591812074, 40.99000653106716, 40.99000638240756, 40.990006418462386, 40.99000640971791, 40.99000641183873]",41,"[40.987582638544524, 40.990594255814266, 40.989863839887185, 40.990040989696986, 40.98999802506006, 40.99000844539316, 40.99000591812074, 40.99000653106716, 40.99000638240756, 40.990006418462386, 40.99000640971791, 40.99000641183873, 40.99000641132436, 40.99000641144911, 40.990006411418854, 40.990006411426194, 40.99000641142442, 40.99000641142485, 40.990006411424744, 40.99000641142477, 40.990006411424766, 40.990006411424766, 40.990006411424766, 40.990006411424766]",41,"[40.987582638544524, 40.990594255814266, 40.989863839887185, 40.990040989696986, 40.98999802506006, 40.99000844539316, 40.99000591812074, 40.99000653106716, 40.99000638240756, 40.990006418462386, 40.99000640971791, 40.99000641183873, 40.99000641132436, 40.99000641144911, 40.990006411418854, 40.990006411426194, 40.99000641142442, 40.99000641142485, 40.990006411424744, 40.99000641142477, 40.990006411424766, 40.990006411424766, 40.990006411424766, 40.990006411424766, 40.990006411424766, 40.990006411424766, 40.990006411424766, 40.990006411424766, 40.990006411424766, 40.990006411424766, 40.990006411424766, 40.990006411424766, 40.990006411424766, 40.990006411424766, 40.990006411424766, 40.990006411424766]"
Pampulha,160,arima,240,157,"[159.52861541101825, 159.10305272611205, 158.71885773328088, 158.37200920132116, 158.05887679104148, 157.77618305780422, 157.5209691476879, 157.2905638282244, 157.08255552956672, 156.89476710345215, 156.72523303577242, 156.5721788742422]",156,"[159.52861541101825, 159.10305272611205, 158.71885773328088, 158.37200920132116, 158.05887679104148, 157.77618305780422, 157.5209691476879, 157.2905638282244, 157.08255552956672, 156.89476710345215, 156.72523303577242, 156.5721788742422, 156.43400265584364, 156.3092581396538, 156.19663966955966, 156.09496850842388, 156.00318050066585, 155.9203149341269, 155.8455044846407, 155.77796613806228, 155.7169929947397, 155.66194687064902, 155.61225161775093, 155.56738709365587]",155,"[159.52861541101825, 159.10305272611205, 158.71885773328088, 158.37200920132116, 158.05887679104148, 157.77618305780422, 157.5209691476879, 157.2905638282244, 157.08255552956672, 156.89476710345215, 156.72523303577242, 156.5721788742422, 156.43400265584364, 156.3092581396538, 156.19663966955966, 156.09496850842388, 156.00318050066585, 155.9203149341269, 155.8455044846407, 155.77796613806228, 155.7169929947397, 155.66194687064902, 155.61225161775093, 155.56738709365587, 155.52688371748022, 155.49031755491154, 155.4573058810402, 155.427503174515, 155.40059750109506, 155.37630724874606, 155.35437818010803, 155.3345807714841, 155.3167078104983, 155.30057222727785, 155.28600513646003, 155.27285406952953]"
Pirajá,158,arima,240,155,"[157.46962207662455, 157.00408589545384, 156.59546418171485, 156.23679881542884, 155.9219823466808, 155.64565399632664, 155.40310837121015, 155.19021533946824, 155.0033497015393, 154.83932945929425, 154.69536163212018, 154.56899469729848]",154,"[157.46962207662455, 157.00408589545384, 156.59546418171485, 156.23679881542884, 155.9219823466808, 155.64565399632664, 155.40310837121015, 155.19021533946824, 155.0033497015393, 154.83932945929425, 154.69536163212018, 154.56899469729848, 154.45807684481935, 154.36071933578472, 154.27526434045646, 154.2002567082875, 154.1344191892287, 154.07663068437293, 154.02590715558253, 153.98138486902448, 153.9423056872793, 153.908004159574, 153.87789619030823, 153.85146909291777]",154,"[157.46962207662455, 157.00408589545384, 156.59546418171485, 156.23679881542884, 155.9219823466808, 155.64565399632664, 155.40310837121015, 155.19021533946824, 155.0033497015393, 154.83932945929425, 154.69536163212018, 154.56899469729848, 154.45807684481935, 154.36071933578472, 154.27526434045646, 154.2002567082875, 154.1344191892287, 154.07663068437293, 154.02590715558253, 153.98138486902448, 153.9423056872793, 153.908004159574, 153.87789619030823, 153.85146909291777, 153.82827285971055, 153.8079124990151, 153.79004130915655, 153.77435497472774, 153.7605863846249, 153.74850108360823, 153.73789327993535, 153.72858234108432, 153.72040971789474, 153.71323624475014, 153.7069397698286, 153.70141307506887]"
Ponte,366,arima,240,359,"[364.7325503445455, 363.65155571987964, 362.72958665110633, 361.9432488244613, 361.27258947312805, 360.7005910898761, 360.212739619838, 359.7966561766203, 359.44178293680744, 359.1391152426513, 358.88097311524234, 358.66080638047066]",358,"[364.7325503445455, 363.65155571987964, 362.72958665110633, 361.9432488244613, 361.27258947312805, 360.7005910898761, 360.212739619838, 359.7966561766203, 359.44178293680744, 359.1391152426513, 358.88097311524234, 358.66080638047066, 358.4730284629856, 358.312874630793, 358.1762810935469, 358.0597818867408, 357.9604209253067, 357.8756769950452, 357.803399778596, 357.7417552926543, 357.68917935194025, 357.64433787910224, 357.6060930534467, 357.57347443954205]",357,"[364.7325503445455, 363.65155571987964, 362.72958665110633, 361.9432488244613, 361.27258947312805, 360.7005910898761, 360.212739619838, 359.7966561766203, 359.44178293680744, 359.1391152426513, 358.88097311524234, 358.66080638047066, 358.4730284629856, 358.312874630793, 358.1762810935469, 358.0597818867408, 357.9604209253067, 357.8756769950452, 357.803399778596, 357.7417552926543, 357.68917935194025, 357.64433787910224, 357.6060930534467, 357.57347443954205, 357.54565436310486, 357.52192690935004, 357.50169001090154, 357.48443017075834, 357.4697094326705, 357.4571542683091, 357.4464460992485, 357.4373132132638, 357.42952386982546, 357.4228804198468, 357.41721429047806, 357.4123817076895]"
Raiz,85,arima,240,85,"[84.99988133569838, 84.99985151986779, 84.99984402828235, 84.99984214593157, 84.99984167296833, 84.99984155413064, 84.99984152427125, 84.99984151676871, 84.99984151488361, 84.99984151440997, 84.99984151429095, 84.99984151426105]",85,"[84.99988133569838, 84.99985151986779, 84.99984402828235, 84.99984214593157, 84.99984167296833, 84.99984155413064, 84.99984152427125, 84.99984151676871, 84.99984151488361, 84.99984151440997, 84.99984151429095, 84.99984151426105, 84.99984151425353, 84.99984151425164, 84.99984151425117, 84.99984151425106, 84.99984151425103, 84.99984151425102, 84.99984151425102, 84.99984151425102, 84.99984151425102, 84.99984151425102, 84.99984151425102, 84.99984151425102]",85,"[84.99988133569838, 84.99985151986779, 84.99984402828235, 84.99984214593157, 84.99984167296833, 84.99984155413064, 84.99984152427125, 84.99984151676871, 84.99984151488361, 84.99984151440997, 84.99984151429095, 84.99984151426105, 84.99984151425353, 84.99984151425164, 84.99984151425117, 84.99984151425106, 84.99984151425103, 84.99984151425102, 84.99984151425102, 84.99984151425102, 84.99984151425102, 84.99984151425102, 84.99984151425102, 84.99984151425102, 84.99984151425102, 84.99984151425102, 84.99984151425102, 84.99984151425102, 84.99984151425102, 84.99984151425102, 84.99984151425102, 84.99984151425102, 84.99984151425102, 84.99984151425102, 84.99984151425102, 84.99984151425102]"
Refinaria,282,arima,240,276,"[281.0262203967273, 280.181980173324, 279.4500470414154, 278.81548107934145, 278.2653297845464, 277.7883636923604, 277.3748471647298, 277.016339670329, 276.70552349986554, 276.4360543999711, 276.20243207688014, 275.99988792666846]",275,"[281.0262203967273, 280.181980173324, 279.4500470414154, 278.81548107934145, 278.2653297845464, 277.7883636923604, 277.3748471647298, 277.016339670329, 276.70552349986554, 276.4360543999711, 276.20243207688014, 275.99988792666846, 275.8242877004478, 275.67204711775753, 275.5400587056881, 275.4256283704073, 275.3264204064113, 275.240409821053, 275.1658410012154, 275.10119187844987, 275.04514286113323, 274.9965498995001, 274.9544211337639, 274.91789664867787]",275,"[281.0262203967273, 280.181980173324, 279.4500470414154, 278.81548107934145, 278.2653297845464, 277.7883636923604, 277.3748471647298, 277.016339670329, 276.70552349986554, 276.4360543999711, 276.20243207688014, 275.99988792666846, 275.8242877004478, 275.67204711775753, 275.5400587056881, 275.4256283704073, 275.3264204064113, 275.240409821053, 275.1658410012154, 275.10119187844987, 275.04514286113323, 274.9965498995001, 274.9544211337639, 274.91789664867787, 274.8862309212945, 274.8587776036541, 274.834976329793, 274.81434127778095, 274.79645125332155, 274.7809410925054, 274.7674942082325, 274.75583612816547, 274.7457288923113, 274.73696619587895, 274.7293691782696, 274.722782772247]"
Salobro,200,arima,240,197,"[199.4836185831791, 199.0307319072395, 198.6335325995914, 198.28517328946418, 197.9796485651869, 197.7116914461117, 197.4766825844462, 197.2705706317131, 197.0898023970245, 196.9312615931598, 196.792215114483, 196.67026592057763]",196,"[199.4836185831791, 199.0307319072395, 198.6335325995914, 198.28517328946418, 197.9796485651869, 197.7116914461117, 197.4766825844462, 197.2705706317131, 197.0898023970245, 196.9312615931598, 196.792215114483, 196.67026592057763, 196.56331171335356, 196.46950869525568, 196.38723978379682, 196.31508673446137, 196.25180569140292, 196.1963057444506, 196.14763012276612, 196.10493970094635, 196.06749853323075, 196.03466116643625, 196.00586151290548, 195.98060309164768]",196,"[199.4836185831791, 199.0307319072395, 198.6335325995914, 198.28517328946418, 197.9796485651869, 197.7116914461117, 197.4766825844462, 197.2705706317131, 197.0898023970245, 196.9312615931598, 196.792215114483, 196.67026592057763, 196.56331171335356, 196.46950869525568, 196.38723978379682, 196.31508673446137, 196.25180569140292, 196.1963057444506, 196.14763012276612, 196.10493970094635, 196.06749853323075, 196.03466116643625, 196.00586151290548, 195.98060309164768, 195.95845046943802, 195.9390217543273, 195.9219820121568, 195.90703749258446, 195.89393056508445, 195.88243527762074, 195.87235346143058, 195.86351131476715, 195.85575640670865, 195.84895504938163, 195.84298999329832, 195.8377584060774]"
Seriema,591,arima,240,580,"[589.1327722524536, 587.5454684745937, 586.196124086091, 585.0490655934574, 584.0739674667419, 583.2450504038109, 582.5403997862031, 581.9413863081365, 581.4321734614587, 580.9992988556005, 580.6313183036185, 580.3185032647956]",579,"[589.1327722524536, 587.5454684745937, 586.196124086091, 585.0490655934574, 584.0739674667419, 583.2450504038109, 582.5403997862031, 581.9413863081365, 581.4321734614587, 580.9992988556005, 580.6313183036185, 580.3185032647956, 580.0525836448952, 579.8265291543117, 579.6343634437407, 579.4710061035526, 579.3321383497059, 579.2140888452503, 579.1137366388078, 579.028428653956, 578.9559095481238, 578.8942620866368, 578.8418564555388, 578.7973071731429]",579,"[589.1327722524536, 587.5454684745937, 586.196124086091, 585.0490655934574, 584.0739674667419, 583.2450504038109, 582.5403997862031, 581.9413863081365, 581.4321734614587, 580.9992988556005, 580.6313183036185, 580.3185032647956, 580.0525836448952, 579.8265291543117, 579.6343634437407, 579.4710061035526, 579.3321383497059, 579.2140888452503, 579.1137366388078, 579.028428653956, 578.9559095481238, 578.8942620866368, 578.8418564555388, 578.7973071731429, 578.7594364611524, 578.7272431069717, 578.699875993999, 578.6766116001038, 578.6568348694035, 578.640022951631, 578.6257313792031, 578.6135823165426, 578.6032545709938, 578.5944751012436, 578.5870117987512, 578.580667351344]"
São Francisco,365,arima,240,358,"[363.7187514190696, 362.62450173245327, 361.68995835462545, 360.8918120670605, 360.2101556437554, 359.62798732865764, 359.1307867808209, 358.7061529105842, 358.3434945737486, 358.0337664090993, 357.7692432305779, 357.5433273470344]",356,"[363.7187514190696, 362.62450173245327, 361.68995835462545, 360.8918120670605, 360.2101556437554, 359.62798732865764, 359.1307867808209, 358.7061529105842, 358.3434945737486, 358.0337664090993, 357.7692432305779, 357.5433273470344, 357.3503840037609, 357.18560084141905, 357.0448678670096, 356.9246749431413, 356.82202423879414, 356.73435545793876, 356.6594819810781, 356.5955363269638, 356.5409235742033, 356.4942815810079, 356.45444701088866, 356.4204263169201]",356,"[363.7187514190696, 362.62450173245327, 361.68995835462545, 360.8918120670605, 360.2101556437554, 359.62798732865764, 359.1307867808209, 358.7061529105842, 358.3434945737486, 358.0337664090993, 357.7692432305779, 357.5433273470344, 357.3503840037609, 357.18560084141905, 357.0448678670096, 356.9246749431413, 356.82202423879414, 356.73435545793876, 356.6594819810781, 356.5955363269638, 356.5409235742033, 356.4942815810079, 356.45444701088866, 356.4204263169201, 356.39137096086534, 356.3665562490829, 356.3453632573438, 356.327263393731, 356.31180521459163, 356.29860316470786, 356.28732796084574, 356.27769837883, 356.26947423929937, 356.2624504171949, 356.2564517255662, 356.25132854608916]"
Tamarineiro,252,arima,240,247,"[251.12038834189988, 250.36399009485433, 249.7135458870441, 249.1542139886342, 248.67323165560364, 248.25962391153394, 247.9039531223876, 247.59810365011404, 247.33509667134433, 247.10893093573796, 246.91444583043145, 246.74720362601587]",246,"[251.12038834189988, 250.36399009485433, 249.7135458870441, 249.1542139886342, 248.67323165560364, 248.25962391153394, 247.9039531223876, 247.59810365011404, 247.33509667134433, 247.10893093573796, 246.91444583043145, 246.74720362601587, 246.603388217151, 246.4797180472962, 246.37337123068843, 246.28192116301344, 246.20328115154408, 246.13565680132623, 246.07750507096733, 246.02749906376965, 245.98449775081778, 245.94751993516707, 245.9157218630517, 245.88837797124899]",246,"[251.12038834189988, 250.36399009485433, 249.7135458870441, 249.1542139886342, 248.67323165560364, 248.25962391153394, 247.9039531223876, 247.59810365011404, 247.33509667134433, 247.10893093573796, 246.91444583043145, 246.74720362601587, 246.603388217151, 246.4797180472962, 246.37337123068843, 246.28192116301344, 246.20328115154408, 246.13565680132623, 246.07750507096733, 246.02749906376965, 245.98449775081778, 245.94751993516707, 245.9157218630517, 245.88837797124899, 245.86486433129605, 245.84464441279192, 245.8272568409344, 245.8123048689451, 245.79944732516603, 245.78839082826056, 245.77888309288582, 245.7707071730869, 245.76367651205945, 245.75763068532697, 245.75243174020127, 245.74796104800052]"
Teso Duro,484,arima,240,474,"[482.34833458489425, 480.9371550787192, 479.73144623452146, 478.70129109790327, 477.82112868505556, 477.06911974440897, 476.42660486470317, 475.87764148364494, 475.40860830906564, 475.0078673371781, 474.6654750816763, 474.37293584847674]",473,"[482.34833458489425, 480.9371550787192, 479.73144623452146, 478.70129109790327, 477.82112868505556, 477.06911974440897, 476.42660486470317, 475.87764148364494, 475.40860830906564, 475.0078673371781, 474.6654750816763, 474.37293584847674, 474.1229909341692, 473.9094385176098, 473.7269797756717, 473.57108740486177, 473.43789328646227, 473.32409250786066, 473.226861358573, 473.14378726621646, 473.07280893394926, 473.01216519402357, 472.96035130836714, 472.91608163189096]",473,"[482.34833458489425, 480.9371550787192, 479.73144623452146, 478.70129109790327, 477.82112868505556, 477.06911974440897, 476.42660486470317, 475.87764148364494, 475.40860830906564, 475.0078673371781, 474.6654750816763, 474.37293584847674, 474.1229909341692, 473.9094385176098, 473.7269797756717, 473.57108740486177, 473.43789328646227, 473.32409250786066, 473.226861358573, 473.14378726621646, 473.07280893394926, 473.01216519402357, 472.96035130836714, 472.91608163189096, 472.8782577120965, 472.8459410334466, 472.8183297302121, 472.7947386899766, 472.77458255411204, 472.75736119342025, 472.7426472985512, 472.73007577728225, 472.7193346955753, 472.710157537635, 472.7023165929183, 472.6956173060094]"
Trezidela,329,arima,240,323,"[327.9026094818664, 326.96508193564824, 326.16412923431386, 325.4798557616435, 324.89526420633655, 324.39583334983627, 323.96915736014694, 323.6046376317243, 323.2932195167606, 323.0271674082857, 322.79987258816203, 322.60568906692924]",322,"[327.9026094818664, 326.96508193564824, 326.16412923431386, 325.4798557616435, 324.89526420633655, 324.39583334983627, 323.96915736014694, 323.6046376317243, 323.2932195167606, 323.0271674082857, 322.79987258816203, 322.60568906692924, 322.43979333777077, 322.29806456089875, 322.17698220214527, 322.0735385831084, 321.9851641706044, 321.90966374962, 321.8451618943057, 321.790056382512, 321.7429783966889, 321.7027585225418, 321.66839770085136, 321.6390424109038]",321,"[327.9026094818664, 326.96508193564824, 326.16412923431386, 325.4798557616435, 324.89526420633655, 324.39583334983627, 323.96915736014694, 323.6046376317243, 323.2932195167606, 323.0271674082857, 322.79987258816203, 322.60568906692924, 322.43979333777077, 322.29806456089875, 322.17698220214527, 322.0735385831084, 321.9851641706044, 321.90966374962, 321.8451618943057, 321.790056382512, 321.7429783966889, 321.7027585225418, 321.66839770085136, 321.6390424109038, 321.61396346908845, 321.59253791602106, 321.57423354227103, 321.55859566831157, 321.5452358503078, 321.5338222311959, 321.5240712973737, 321.5157408362401, 321.50862391964904, 321.5025437638266, 321.4973493380733, 321.49291161317046]"
Vila Alecrim,262,arima,240,258,"[261.2363019800297, 260.58366689033636, 260.02594309223673, 259.54932784448346, 259.1420257082559, 258.793956629565, 258.4965064745944, 258.24231384414077, 258.0250878911627, 257.839452632725, 257.68081390331537, 257.5452456568492]",257,"[261.2363019800297, 260.58366689033636, 260.02594309223673, 259.54932784448346, 259.1420257082559, 258.793956629565, 258.4965064745944, 258.24231384414077, 258.0250878911627, 257.839452632725, 257.68081390331537, 257.5452456568492, 257.4293928035245, 257.33038817690027, 257.24578157627104, 257.1734791282531, 257.11169146688263, 257.05888944976857, 257.0137663143484, 256.97520533767687, 256.94225219938056, 256.9140913638077, 256.8900258968701, 256.8694602180774]",257,"[261.2363019800297, 260.58366689033636, 260.02594309223673, 259.54932784448346, 259.1420257082559, 258.793956629565, 258.4965064745944, 258.24231384414077, 258.0250878911627, 257.839452632725, 257.68081390331537, 257.5452456568492, 257.4293928035245, 257.33038817690027, 257.24578157627104, 257.1734791282531, 257.11169146688263, 257.05888944976857, 257.0137663143484, 256.97520533767687, 256.94225219938056, 256.9140913638077, 256.8900258968701, 256.8694602180774, 256.85188536090544, 256.8368663767169, 256.82403157050203, 256.8130633020422, 256.80369012484016, 256.79568006826804, 256.7888348966784, 256.7829852033997, 256.7779862182016, 256.77371422447135, 256.7700634974321, 256.7669436876298]"
Vila Lobão,297,arima,240,291,"[295.9898631117356, 295.13354484310963, 294.40762246001316, 293.7922399257528, 293.27056478211375, 292.82832773387196, 292.45343234308655, 292.1356241572031, 291.8662102206836, 291.63782129800956, 291.4442103041831, 291.2800814292291]",290,"[295.9898631117356, 295.13354484310963, 294.40762246001316, 293.7922399257528, 293.27056478211375, 292.82832773387196, 292.45343234308655, 292.1356241572031, 291.8662102206836, 291.63782129800956, 291.4442103041831, 291.2800814292291, 291.1409452827671, 291.02299609644814, 290.9230076253925, 290.83824490123925, 290.7663894230024, 290.70547573949085, 290.6538376886423, 290.61006282326355, 290.5729537765928, 290.54149551092144, 290.51482755343307, 290.49222045983066]",290,"[295.9898631117356, 295.13354484310963, 294.40762246001316, 293.7922399257528, 293.27056478211375, 292.82832773387196, 292.45343234308655, 292.1356241572031, 291.8662102206836, 291.63782129800956, 291.4442103041831, 291.2800814292291, 291.1409452827671, 291.02299609644814, 290.9230076253925, 290.83824490123925, 290.7663894230024, 290.70547573949085, 290.6538376886423, 290.61006282326355, 290.5729537765928, 290.54149551092144, 290.51482755343307, 290.49222045983066, 290.4730558619656, 290.45680955371427, 290.44303715245366, 290.43136194393554, 290.42146457808326, 290.41307433386083, 290.40596171428484, 290.3999321690307, 290.3948207729292, 290.3904877147955, 290.3868144731962, 290.3837005745523]"
Vila Paraíso,490,arima,240,482,"[488.5493298080725, 487.333317839612, 486.3140061341205, 485.45957675357147, 484.7433585816302, 484.14299478153566, 483.63974492473983, 483.21790000616693, 482.864292085722, 482.5678832494502, 482.31942105971905, 482.1111497392602]",481,"[488.5493298080725, 487.333317839612, 486.3140061341205, 485.45957675357147, 484.7433585816302, 484.14299478153566, 483.63974492473983, 483.21790000616693, 482.864292085722, 482.5678832494502, 482.31942105971905, 482.1111497392602, 481.93656807364505, 481.79022647509066, 481.6675568729192, 481.56473012067954, 481.47853646887836, 481.4062853722619, 481.3457215041209, 481.2949543559948, 481.2523992252218, 481.21672774825385, 481.1868264356281, 481.1617619142587]",481,"[488.5493298080725, 487.333317839612, 486.3140061341205, 485.45957675357147, 484.7433585816302, 484.14299478153566, 483.63974492473983, 483.21790000616693, 482.864292085722, 482.5678832494502, 482.31942105971905, 482.1111497392602, 481.93656807364505, 481.79022647509066, 481.6675568729192, 481.56473012067954, 481.47853646887836, 481.4062853722619, 481.3457215041209, 481.2949543559948, 481.2523992252218, 481.21672774825385, 481.1868264356281, 481.1617619142587, 481.14075179208305, 481.1231402355993, 481.1083774979442, 481.0960027584785, 481.0856297382147, 481.0769346420723, 481.0696460515746, 481.0635364524888, 481.0584151329413, 481.05412223032386, 481.0505237411625, 481.0475073381835]"
Vila São José,129,arima,240,126,"[128.63909999725593, 128.3074634436484, 128.00271752274946, 127.72268181711237, 127.4653527076682, 127.22888903809192, 127.01159894156822, 126.81192773570442, 126.62844679898, 126.4598433491454, 126.30491105043569, 126.16254138239495]",125,"[128.63909999725593, 128.3074634436484, 128.00271752274946, 127.72268181711237, 127.4653527076682, 127.22888903809192, 127.01159894156822, 126.81192773570442, 126.62844679898, 126.4598433491454, 126.30491105043569, 126.16254138239495, 126.03171570855655, 125.91149798823163, 125.8010280792597, 125.69951558380326, 125.60623419315405, 125.52051649108866, 125.44174917859218, 125.36936868578353, 125.30285713964619, 125.24173865871414, 125.18557594820176, 125.13396717121655]",125,"[128.63909999725593, 128.3074634436484, 128.00271752274946, 127.72268181711237, 127.4653527076682, 127.22888903809192, 127.01159894156822, 126.81192773570442, 126.62844679898, 126.4598433491454, 126.30491105043569, 126.16254138239495, 126.03171570855655, 125.91149798823163, 125.8010280792597, 125.69951558380326, 125.60623419315405, 125.52051649108866, 125.44174917859218, 125.36936868578353, 125.30285713964619, 125.24173865871414, 125.18557594820176, 125.13396717121655, 125.08654307366838, 125.04296434230446, 125.00291917696715, 124.96612105970439, 124.93230670477095, 124.90123417485319, 124.872681150039, 124.84644333714776, 124.82233300803917, 124.80017765644283, 124.77981876369829, 124.76111066457463]"
Volta Redonda,494,arima,240,485,"[492.3225345291654, 490.9052765773208, 489.70786289758206, 488.696191367668, 487.841449767704, 487.1192952134772, 486.50916087555277, 485.9936702397386, 485.5581422271438, 485.1901730797407, 484.87928310360843, 484.6166182091692]",483,"[492.3225345291654, 490.9052765773208, 489.70786289758206, 488.696191367668, 487.841449767704, 487.1192952134772, 486.50916087555277, 485.9936702397386, 485.5581422271438, 485.1901730797407, 484.87928310360843, 484.6166182091692, 484.39469774833896, 484.20720146704014, 484.0487895055231, 483.9149503201384, 483.8018721954004, 483.7063346870278, 483.6256169042807, 483.5574200194908, 483.49980179787013, 483.4511212830203, 483.40999206279474, 483.3752427845346]",483,"[492.3225345291654, 490.9052765773208, 489.70786289758206, 488.696191367668, 487.841449767704, 487.1192952134772, 486.50916087555277, 485.9936702397386, 485.5581422271438, 485.1901730797407, 484.87928310360843, 484.6166182091692, 484.39469774833896, 484.20720146704014, 484.0487895055231, 483.9149503201384, 483.8018721954004, 483.7063346870278, 483.6256169042807, 483.5574200194908, 483.49980179787013, 483.4511212830203, 483.40999206279474, 483.3752427845346, 483.34588379515964, 483.32107895602985, 483.30012182987014, 483.28241556156587, 483.2674558798389, 483.2548167356936, 483.24413816861977, 483.23511605498294, 483.22749344663924, 483.22105325309917, 483.21561205883035, 483.2110148996166]"
